CODE,LABEL,ADDRESS,SUB_PREFECTURE_CODE
ABGR01,ABENGOUROU 01,A L'ANTENNE DE LA FONCTION PUBLIQUE,ABENGOUROU
ABGR02,ABENGOUROU 02,MUGEFCI,ABENGOUROU
ABSO01,ABOISSO 01,A LA MUGEFCI  AU CENTRE VILLE,ABOISSO
ABSO02,ABOISSO 02,AU SEIN DES GRANDS ENDEMIES,ABOISSO
ADZP01,ADZOPE 01,A LA MUGEFCI ,ADZOPE
ADZP02,ADZOPE 02,AUX GRANDS ENDEMIES,ADZOPE
AGBO01,AGBOVILLE 01,LA MUGEFCI,AGBOVILLE
AGBO02,AGBOVILLE 02,DIRECTION DES AFFAIRES SOCIALES,AGBOVILLE
BOFL01,BOUAFLE 01,"MUGEFCI, BATIMENT IVOGRAIN",BOUAFLE
BOFL02,BOUAFLE 02,A LA PREFECTURE,BOUAFLE
BOKE01,BOUAKE 01,AUBERGE DE LA JEUNESSE,BOUAKE
BOKE02,BOUAKE 02,CENTRE CULTUREL JACQUES AKA,BOUAKE
BOKE03,BOUAKE 03,BUREAU MUGEFCI BOUAKE,BOUAKE
BOND01,BONDOUKOU 01, DIRECTION REGIONALE DE L'AGRICULTURE,BONDOUKOU
BOND02,BONDOUKOU 02,MUGEFCI QUARTIER LYCEE,BONDOUKOU
BONG01,BONGOUANOU 01,CENTRE D'ECOUTE ET DE CONSEIL,BONGOUANOU
BONO01,BONOUA 01,A LA SOUS-PREFECTURE,BONOUA
BOUN01,BOUNDIALI 01,CENTRE DES GRANDES ENDEMIES,BOUNDIALI
COCD01,COCODY 01,CBCG,COCODY
DABO01,DABOU 01,PREFECTURE DE DABOU,DABOU
DABO02,DABOU 02,MAIRIE AU CENTRE-VILLE,DABOU
DAKR01,DAOUKRO 01,ANCIENNE DIRECTION CI TELECOM ,DAOUKRO
DAKR02,DAOUKRO 02,BUREAU DE LA MUGEFCI,DAOUKRO
DALO01,DALOA 01,QUARTIER COMMERCE,DALOA
DALO02,DALOA 02,BUREAU DE LA MUGEFCI,DALOA
DIMB01,DIMBOKRO 01,A LA PREFECTURE DE REGION,DIMBOKRO
DIMB02,DIMBOKRO 02,MUGEFCI A COTE DE LA GRANDE BOULANGERIE,DIMBOKRO
DIVO01,DIVO 01,AU SEIN DE LA PREFECTURE QUARTIER BADA,DIVO
DIVO02,DIVO 02,BUREAU MUGEFCI QUARTIER DIALOGUE 1,DIVO
FERK01,FERKESSEDOUGOU 01,AU SEIN DE LA PREFECTURE,FERKESSEDOUGOU
GAGN01,GAGNOA 01,HALL D'INFORMATION,GAGNOA
GAGN02,GAGNOA 02,BUREAU MUGEFCI,GAGNOA
KATI01,KATIOLA 01,DANS L'ENCEINTE DE LA SOUS-PREFECTURE,KATIOLA
KORG01,KORHOGO 01,AU SEIN DU DISTRICT SANITAIRE,KORHOGO
KOUM01,KOUMASSI 01,CENTRE DES METIERS,KOUMASSI
MAN01,MAN 01,ANCIEN FONCTION PUBLIQUE,MAN
MAN02,MAN 02,BUREAU DE LA MUGEFCI,MAN
MARC01,MARCORY 01,CETI  EN ZONE 4 FACE A LA BASE ONUCI,MARCORY
ODIE01,ODIENNE O1, EN FACE DU PALAIS DE JUSTICE,ODIENNE
PLAT02,PLATEAU 02,ANCIEN SIEGE DE LA CNPS,PLATEAU
PLAT03,PLATEAU 03,IMMEUBLE EQUATEUR,PLATEAU
PRBT01,PORT-BOUET 01,CEP EN FACE DU PHARE,PORT-BOUET
SANP01,SAN PEDRO 01,BUREAU MUGEFCI - QUARTIER CITE,SAN PEDRO
SANP02,SAN PEDRO 02,CENTRE VILLE (ZONE INDUSTRIELLE),SAN PEDRO
SASS01,SASSANDRA 01,A L'ANCIEN COMMISSARIAT,SASSANDRA
SEGU01,SEGUELA 01,SERVICE TECHNIQUE DE LA MAIRIE,SEGUELA
SOUB01,SOUBRE 01,DANS L'ENCEINTE DU MEDICO SCOLAIRE ,SOUBRE
TOUB01,TOUBA 01,AU SEIN DU CHR,TOUBA
YAMO01,YAMOUSSOUKRO 01,DIR DES AFFAIRES SOCIALES,YAMOUSSOUKRO
YAMO02,YAMOUSSOUKRO 02,SOUS PREFECTURE,YAMOUSSOUKRO
YAMO03,YAMOUSSOUKRO 03,100 LOGEMENTS GARCONS,YAMOUSSOUKRO
YAMO04,YAMOUSSOUKRO 04,80 LOGEMENTS,YAMOUSSOUKRO
YOPG01,YOPOUGON 01,CENTRE MEDICO SOCIAL DE LA CNPS,YOPOUGON
YOPG02,YOPOUGON 02,LYCEE PROFESSIONNEL,YOPOUGON
KOUM02,KOUMASSI 02,CENTRE DES METIERS DU BOIS DE KOUMASSI,KOUMASSI
MARC03,MARCORY 03,CENTRE D'ENSEIGNEMENT TECHNIQUE,MARCORY
PRBT02,PORT-BOUET 02,CENTRE D'ENSEIGNEMENT PROFESSIONNEL,PORT BOUET
TREI01,TREICHVILLE 01,MAIRIE DE TREICHVILLE,TREICHVILLE
PLAT03,PLATEAU,IMMEUBLE EQUATEUR PLATEAU (CNAM),PLATEAU
ABOB01,ABOBO 01,CHAMBRE NATIONALE DES METIERS DE CI,ABOBO
ADJM01,ADJAME 01,MAIRIE D'ADJAME,ADJAME
ATTB01,ATTECOUBE 01,CENTRE D'ECOUTE ET DE DEPISTAGE ,ATTECOUBE
ATTB02,ATTECOUBE 02,FOYER DES JEUNES DE JERUSALEM,ATTECOUBE
YOPG03,YOPOUGON 03,CENTRE MEDICAL DE LA CNPS,YOPOUGON
YOPG4,YOPOUGON 04,LYCEE PROFESSIONNEL DE YOPOUGON,YOPOUGON
SONG01,SONGON 01,MAIRIE DE SONGON,SONGON
ANYM01,ANYAMA 01,FOYER DES JEUNES D'ANYAMA,ANYAMA
BING01,BINGERVILLE 01,SOUS-PREFECTURE DE BINGERVILLE,BINGERVILLE
JACQ01,JACQUEVILLE 01,PREFECTURE DE JACQUEVILLE,JACQUEVILLE
DALO03,DALOA 03,MAIRIE DE DALOA,DALOA
ISSI01,ISSIA 01,CENTRE SOCIAL D'ISSIA,ISSIA
VAVO01,VAVOUA 01,INSTITUT DE FORMATION FEMININE (IFEF),VAVOUA
ZOUK01,ZOUKOUGBEU 01,SOUS-PREFECTURE DE ZOUKOUGBEU,ZOUKOUGBEU
BOUN02,BOUNDIALI 03,GRANDE ENDEMIE,BOUNDIALI
FERK02,FERKESSEDOUGOU 02,SOUS-PREFECTURE DE FERKESSEDOUGOU,FERKESSEDOUGOU
KONG01,KONG 01,SOUS-PREFECTURE DE KONG, KONG
KORG02,KORHOGO 02,BUREAU MUGEFCI,KORHOGO
KATI02,KATIOLA 02,SOUS PREFECTURE DE KATIOLA,KATIOLA
ABGR03,ABENGOUROU 03,DIRECTION REGIONALE DU MINISTERE ,ABENGOUROU
MAN03,MAN 03,MUGEFCI DE MAN,MAN
MAN04,MAN 04,DIRECTION DES MINES DE MAN,MAN
BIAN01,BIANKOUMA 01,SOUS-PREFECTURE DE BIANKOUMA,BIANKOUMA
SIPI01,SIPILOU 01,PREFECTURE DE SIPILOU,SIPILOU
ZOUA01,ZOUAN-HOUNIEN 01,PREFECTURE DE ZOUAN-HOUNIEN,ZOUAN-HOUNIEN
YAMO05,YAMOUSSOUKRO,PREFECTURE,YAMOUSSOUKRO
TOUM01,TOUMODI 01,SOUS-PREFECTURE DE TOUMODI,TOUMODI
DIDI01,DIDIEVI 01,MAIRIE DE DIDIEVI,DIDIEVI
TIEB01,TIEBISSOU 01,PREFECTURE DE TIEBISSOU,TIEBISSOU
ATTI01,ATTIEGOUAKRO 01,SOUS PREFECTURE D'ATTIEGOUAKRO,ATTIEGOUAKRO
TAND01,TANDA 01,MAIRIE DE TANDA,TANDA
SASS02,SASSANDRA 02,ANCIEN COMMISSARIAT,SASSANDRA
SOUB01,SOUBRE 02,CENTRE MEDICO SCOLAIRE,SOUBRE
BUYO01,BUYO 01,CENTRE SOCIAL DE BUYO,BUYO
MEAG01,MEAGUI 01,CENTRE SOCIAL DE MEAGUI,MEAGUI
GUEY01,GUEYO 01,PREFECTURE DE GUEYO,GUEYO
ODIE02,ODIENNE 02,DIRECTION REGIONALE ,ODIENNE
ODIE03,ODIENNE 03,BUREAU DU MINISTERE DE LA SANTE,ODIENNE
TOUB02,TOUBA 02,CENTRE SOCIAL DE TOUBA,TOUBA
BONG01,BONGOUANOU 02,CENTRE D'ECOUTE ET DE CONSEIL,BONGOUANOU
MBAT01,M'BATTO 01,CENTRE SOCIAL DE M'BATTO,M'BATTO
ARRA01,ARRAH 01,CENTRE CULTUREL HKB D'ARRAH,ARRAH
MKRO01,M'BAHIAKRO 01,CENTRE SOCIAL DE M'BAHIAKRO,M'BAHIAKRO
TIAP01,TIAPOUM 01,PREFECTURE DE TIAPOUM,TIAPOUM
ADIA01,ADIAKE 01,PREFECTURE D'ADIAKE,ADIAKE
BASS01,BASSAM 01,PREFECTURE DE BASSAM,BASSAM
ALEP01,ALEPE 01,SOUS-PREFECTURE D'ALEPE,ALEPE
BONO02,BONOUA 02,SOUS-PREFECTURE DE BONOUA,BONOUA
ASSI01,ASSINIE 01,SOUS-PREFECTURE D'ASSINIE,ASSINIE
ETTU01,ETTUEBOUE 01,SOUS-PREFECTURE D'ETTUEBOUE,ETTUEBOUE
MAFE01,MAFERE 01,SOUS-PREFECTURE DE MAFERE,MAFERE
AYAM01,AYAME 01,SOUS-PREFECTURE D'AYAME,AYAME
ADAO01,ADAOU 01,SOUS-PREFECTURE D'ADAOU,ADAOU
MANK01, MANKONO,CENTRE SOCIAL DE MANKONO,MANKONO
SEGU02,SEGUELA 02,SERVICE TECHNIQUE DE LA MAIRIE,SEGUELA
KANI01,KANI01,PREFECTURE DE KANI,KANI
LAKO01,LAKOTA 01,SOUS PREFECTURE DE LAKOTA,LAKOTA
GUIT01,GUITRY 01,PREFECTURE DE GUITRY,GUITRY
AKPE01,AKOUPE 01,PREFECTURE D'AKOUPE,AKOUPE
TIAS01,TIASSALE 01,CENTRE SOCIAL DE TIASSALE,TIASSALE
SIKE01,SIKENSI 01,MAIRIE DE SIKENSI,SIKENSI
GAGN03,GAGNOA 03,PLATEFORME DES JEUNES DE GAGNOA,GAGNOA
OUME01,OUME 01,MAIRIE D'OUME,OUME
DUEK01,DUEKOUE 01,MINISTERE DES INFRASTRUCTURES ,DUEKOUE
BANG01,BANGOLO 01,PREFECTURE DE BANGOLO,BANGOLO
FACO01,FACOBLY 01,PREFECTURE DE FACOBLY,FACOBLY
KOUB01,KOUIBLY 01,CENTRE CULTUREL DE KOUIBLY,KOUIBLY
GUIG01,GUIGLO 01,CENTRE MEDICO SCOLAIRE DE GUIGLO,GUIGLO
BLOL01,BLOLEQUIN 01,SOUS-PREFECTURE DE BLOLEQUIN,BLOLEQUIN
TOUL01,TOULEPLEU 01,CENTRE SOCIAL DE TOULEPLEU,TOULEPLEU
KITMOB,KIT MOBILE,KIT MOBILE,PLATEAU
DAN01,DANANE 01,"DISTRICT SANITAIRE, quartier Caillou",DANANE
ONI01,ONI,OFFICE NATIONAL D'IDENTIFICATION,PLATEAU
ONI02,OFFICE NATIONAL IDENTIFICATION,OFFICE NATIONAL D'IDENTIFICATION,PLATEAU
BOU01,BOUNA 01,DISPENSAIRE URBAIN DE BOUNA,BOUNA
AGNI01,AGNIBILEKROU 01,LA SOUS-PREFECTURE,AGNIBILEKROU
BETT01,BETTIE 01,LA SOUS-PREFECTURE,BETTIE
BASS02,BASSAM 02,CENTRE SOCIAL DE BASSAM,BASSAM
NOE01,NOE 01,SOUS-PREFECTURE,NOE
ADZP03,ADZOPE 03,CENTRE NUMERIQUE DE LA MAIRIE,ADZOPE
SIKE02,SIKENSI 02,PREFECTURE,SIKENSI
TAAB01,TAABO 01,SOUS-PREFECTURE,TAABO
BOFL03,BOUAFLE 03,MUGEFCI EN FACE DES GRANDES ENDEMIES,BOUAFLE
SINF01,SINFRA 01,MAIRIE,SINFRA
ZOUE01,ZUENOULA 01,MAIRIE,ZUENOULA
BEOU01,BEOUMI 01,SOUS-PREFECTURE,BEOUMI
BOTR01,BOTRO 01,CENTRE SOCIAL,BOTRO
BOKE04,BOUAKE 04,CENTRE MEDICO-SCOLAIRE DE DAR ES SALAM,BOUAKE
BOKE05,BOUAKE 05,CAMPUS 1 UAO,BOUAKE
SAKA01,SAKASSOU 01,CENTRE SOCIAL,SAKASSOU
DABA01,DABAKALA 01,SOUS-PREFECTURE,DABAKALA
NIAK01,NIAKARAMADOUGOU 01,SOUS-PREFECTURE,NIAKARAMADOUGOU
BOU02,BOUNA 02,DR PROTECTION SOCIALE,BOUNA
NASS01,NASSIAN 01,SOUS-PREFECTURE,NASSIAN
DORO01,DOROPO 01,DOROPO - MAIRIE DE DOROPO,DOROPO
TEHI01,TEHINI 01,FOYER DES JEUNES,TEHINI
ARRA02,ARRAH 02,SERVICE TECHNIQUE DE LA MAIRIE,ARRAH
GRAL01,GRAND-LAHOU 01,PREFECTURE,GRAND-LAHOU
SONG02,SONGON 02,SOUS-PREFECTURE,SONGON
JACQ02,JACQUEVILLE 02,SOUS-PREFECTURE,JACQUEVILLE
DALO04,DALOA 04,UNIVERSITE JEAN LOROUGNON GUEDE,DALOA
DALO05,DALOA 05,CENTRE SOCIAL ANNEXE,DALOA
ZOUK02,ZOUKOUGBEU 02,PREFECTURE,ZOUKOUGBEU
VAVO02,VAVOUA 02,CENTRE SOCIAL,VAVOUA
BOCA01,BOCANDA 01,PREFECTURE,BOCANDA
HIRE01,HIRE 01,SOUS-PREFECTURE,HIRE
GUIT02,GUITRY 02,SOUS-PREFECTURE,GUITRY
GUIG02,GUIGLO 02,DIRECTION DES INFRASTRUCTURES ECONOMIQUES,GUIGLO
TAI01,TAI 01,SOUS-PREFECTURE,TAI
DUEK02,DUEKOUE 02,CENTRE MEDICO-SCOLAIRE/PMI,DUEKOUE
KONG02,KONG 02,PREFECTURE,KONG
KOUT01,KOUTO 01,PREFECTURE,KOUTO
TENG01,TENGRELA 01,SOUS-PREFECTURE,TENGRELA
OUAN01,OUANGOLODOUGOU 01,SOUS-PREFECTURE,OUANGOLODOUGOU
OUME02,OUME 02,PREFECTURE,OUME
OUME03,OUME 03,HOPITAL GENERAL,OUME
GAGN04,GAGNOA 04,HOPITAL DE GUIBEROUA,GAGNOA
DIEG01,DIEGONEFLA 01,SOUS-PREFECTURE,DIEGONEFLA
KORG03,KORHOGO 03,PREFECTURE,KORHOGO
KORG04,KORHOGO 04,UNIVERSITE PELEFORO GON COULIBALY,KORHOGO
SINE01,SINEMATIALI 01,SOUS-PREFECTURE,SINEMATIALI
KOUB02,KOUIBLY 02,MAIRIE,KOUIBLY
DAN02,DANANE 02,GRANDES ENDEMIES,DANANE
MINI01,MINIGNAN 01,SOUS-PREFECTURE,MINIGNAN
TOUB03,TOUBA 03,SOUS-PREFECTURE,TOUBA
MARC04,MARCORY 04,IEP MASSARANA,MARCORY
PLAT04,PLATEAU 04,BOX-SORBONNE,PLATEAU
TREI02,TREICHVILLE 02,MEDIATHEQUE,TREICHVILLE
TREI03,TREICHVILLE 03,CBCG,TREICHVILLE
GRAB01,GRAND-BEREBY 01,SOUS-PREFECTURE,GRAND-BEREBY
TABO01,TABOU 01,PREFECTURE,TABOU
FRES01,FRESCO 01,PREFECTURE,FRESCO
KANI02,KANI02,CENTRE SOCIAL,KANI
SOUB03,SOUBRE 03,DIRECTION DE LA PROTECTION SOCIALE,SOUBRE
TOUB04,TOUBA 04,DIRECTION DEPARTEMENTALE DES MINES,TOUBA
KORO01,KORO 01,SOUS PREFECTURE,KORO
ABOB02,ABOBO 02,MAIRIE ,ABOBO
ABOB03,ABOBO 03,UNIVERSITE NANGUI ABROGOUA,ABOBO
ADJM02,ADJAME 02,CENTRE SOCIO-CULTUREL DE LA MAIRIE,ADJAME
ANYM02,ANYAMA 02,COMPLEXE SPORTIF,ANYAMA
COCD02,COCODY 02,LYCEE HOTELIER,COCODY
COCD03,COCODY 03,CHU D'ANGRE,COCODY
COCD04,COCODY 04,UNIVERSITE FELIX HOUPHOUET BOIGNY,COCODY
YOPG05,YOPOUGON 05,GRANDE MAIRIE,YOPOUGON
KOUN01,KOUN FAO 01,SOUS-PREFECTURE,KOUN FAO
SAND01,SANDEGUE 01,SOUS-PREFECTURE,SANDEGUE
TRAN01,TRANSUA 01,SOUS-PREFECTURE,TRANSUA
SIAO01,SAIOUA 01,CENTRE SOCIAL,SAIOUA
BONN01,BONON 01,SOUS-PREFECTURE,BONON 
GUIB01,GUIBEROUA 01,HOPITAL GENERAL,GUIBEROUA 
AGBO03,AGBOVILLE 03,LA MINI CITE FINANCIERE,AGBOVILLE
020,DIMBOKRO,DIMBOKRO,ABIGUI
052,ALEPE,ALEPE,ABOISSO-COMOE
094,YAKASSE-ATTOBROU,YAKASSE-ATTOBROU,ABONGOUA
005,AGBOVILLE,AGBOVILLE,ABOUDE
003,ABOISSO,ABOISSO,ADJOUAN
060,AKOUPE,AKOUPE,AFFERY
004,ADZOPE,ADZOPE,AGOU
025,GRAND-LAHOU,GRAND-LAHOU,AHOUANOU
006,AGNIBILEKROU,AGNIBILEKROU,AKOBOISSUE
019,DAOUKRO,DAOUKRO,AKPASSANOU
052,ALEPE,ALEPE,ALLOSSO
043,TANDA,TANDA,AMANVI
001,ABENGOUROU,ABENGOUROU,AMELEKIA
019,DAOUKRO,DAOUKRO,ANANDA
005,AGBOVILLE,AGBOVILLE,ANANGUIE
011,BONGOUANOU,BONGOUANOU,ANDE
008,BEOUMI,BEOUMI,ANDO-KEKRENOU
047,TOUMODI,TOUMODI,ANGONDA
064,PRIKRO,PRIKRO,ANIANOU
001,ABENGOUROU,ABENGOUROU,ANIASSUE
004,ADZOPE,ADZOPE,ANNEPE
084,M'BATTO,M'BATTO,ANOUMABA
010,BONDOUKOU,BONDOUKOU,APPIMANDOUM
085,NIAKARAMADOUGOU,NIAKARAMADOUGOU,ARIKOKAHA
084,M'BATTO,M'BATTO,ASSAHARA
011,BONGOUANOU,BONGOUANOU,ASSIE-KOUMASSI
004,ADZOPE,ADZOPE,ASSIKOI
093,TRANSUA,TRANSUA,ASSUEFRRY
005,AGBOVILLE,AGBOVILLE,ATTOBROU
056,JACQUEVILLE,JACQUEVILLE,ATTOUTOU A
036,SAKASSOU,SAKASSOU,AYAOU-SRAN
005,AGBOVILLE,AGBOVILLE,AZAGUIE
025,GRAND-LAHOU,GRAND-LAHOU,BACANDA
085,NIAKARAMADOUGOU,NIAKARAMADOUGOU,BADIKAHA
022,DUEKOUE,DUEKOUE,BAGOHOUO
090,SINEMATIALI,SINEMATIALI,BAHOUAKAHA
034,ODIENNE,ODIENNE,BAKO
058,TOULEPLEU,TOULEPLEU,BAKOUBLY
089,SANDEGUE,SANDEGUE,BANDAKAGNI-TOMORA
066,ZOUAN-HOUNIEN,ZOUAN-HOUNIEN,BANNEU
016,DABAKALA,DABAKALA,BASSAWA
015,BOUNDIALI,BOUNDIALI,BAYA
024,GAGNOA,GAGNOA,BAYOTA
048,VAVOUA,VAVOUA,BAZRA-NATTIS
040,SINFRA,SINFRA,BAZRE
004,ADZOPE,ADZOPE,BECEDI-BRIGNAN
060,AKOUPE,AKOUPE,BECOUEFIN
017,DALOA,DALOA,BEDIALA
026,GUIGLO,GUIGLO,BEDY-GOAZON
053,BOCANDA,BOCANDA,BENGASOU
007,BANGOLO,BANGOLO,BEOUE-ZIBIAO
003,ABOISSO,ABOISSO,BIANOUAN
094,YAKASSE-ATTOBROU,YAKASSE-ATTOBROU,BIEBY
101,KONG,KONG,BILIMONO
066,ZOUAN-HOUNIEN,ZOUAN-HOUNIEN,BIN-HOUYE
009,BIANKOUMA,BIANKOUMA,BLAPLEU
007,BANGOLO,BANGOLO,BLENIMEOUIN
083,KOUTO,KOUTO,BLESSEGUE
070,KOUN-FAO,KOUN-FAO,BOAHIA
039,SEGUELA,SEGUELA,BOBI
008,BEOUMI,BEOUMI,BODOKRO
063,NASSIAN,NASSIAN,BOGOFIA
031,MAN,MAN,BOGOUINE
027,ISSIA,ISSIA,BOGUEDIA
061,DIDIEVI,DIDIEVI,BOLI
010,BONDOUKOU,BONDOUKOU,BONDO
055,GRAND-BASSAM,GRAND-BASSAM,BONGO
033,M'BAHIAKRO,M'BAHIAKRO,BONGUERA
016,DABAKALA,DABAKALA,BONIEREDOUGOU
098,DJEKANOU,DJEKANOU,BONIKRO
012,BOUAFLE,BOUAFLE,BONON
082,KORO,KORO,BOOKO
075,DIKODOUGOU,DIKODOUGOU,BORON
082,KORO,KORO,BOROTOU
032,MANKONO,MANKONO,BOUANDOUGOU
103,M'BENGUE,M'BENGUE,BOUGOU
034,ODIENNE,ODIENNE,BOUGOUSSO
014,BOUNA,BOUNA,BOUKO
013,BOUAKE,BOUAKE,BOUNDA
013,BOUAKE,BOUAKE,BROBO
002,ABIDJAN,ABIDJAN,BROFODOUME
005,AGBOVILLE,AGBOVILLE,CECHI
021,DIVO,DIVO,CHIEPO
078,GUEYO,GUEYO,DABOUYO
024,GAGNOA,GAGNOA,DAHIEPA-KEHI
077,FRESCO,FRESCO,DAHIRI
079,GUITRY,GUITRY,DAIRO-DIDIZO
038,SASSANDRA,SASSANDRA,DAKPADOU
018,DANANE,DANANE,DALEU
006,AGNIBILEKROU,AGNIBILEKROU,DAME
048,VAVOUA,VAVOUA,DANANON
076,DOROPO,DOROPO,DANDA
052,ALEPE,ALEPE,DANGUIRA
048,VAVOUA,VAVOUA,DANIA
076,DOROPO,DOROPO,DANOA
096,BUYO,BUYO,DAPEOUA
038,SASSANDRA,SASSANDRA,DAPKADOU
042,TABOU,TABOU,DAPO-IBOKE
039,SEGUELA,SEGUELA,DARABANA
029,KORHOGO,KORHOGO,DASSOUNGBOHO
044,TENGRELA,TENGRELA,DEBETE
074,BOTRO,BOTRO,DIABO
073,BETTIE,BETTIE,DIAMARAKRO
043,TANDA,TANDA,DIAMBA
020,DIMBOKRO,DIMBOKRO,DIANGOKRO
097,DIANRA,DIANRA,DIANRA
097,DIANRA,DIANRA,DIANRA VILLAGE
039,SEGUELA,SEGUELA,DIARABANA
086,OUANGOLODOUGOU,OUANGOLODOUGOU,DIAWALA
059,BLOLEQUIN,BLOLEQUIN,DIBOKE
036,SAKASSOU,SAKASSOU,DIBRI-ASSRIKRO
021,DIVO,DIVO,DIDOKO
007,BANGOLO,BANGOLO,DIEOUZON
024,GAGNOA,GAGNOA,DIGNAGO
075,DIKODOUGOU,DIKODOUGOU,DIKODOUGOU
089,SANDEGUE,SANDEGUE,DIMANDOUGOU
046,TOUBA,TOUBA,DIOMAN
034,ODIENNE,ODIENNE,DIOULATIEDOUGOU
042,TABOU,TABOU,DJAMANDIOKE
013,BOUAKE,BOUAKE,DJEBONOUA
098,DJEKANOU,DJEKANOU,DJEKANOU
080,KANI,KANI,DJIBROSSO
030,LAKOTA,LAKOTA,DJIDJI
042,TABOU,TABOU,DJOUROUTOU
037,SAN-PEDRO,SAN-PEDRO,DOBA
037,SAN-PEDRO,SAN-PEDRO,DOGBO
059,BLOLEQUIN,BLOLEQUIN,DOKE
095,ZOUKOUGBEU,ZOUKOUGBEU,DOMANGBEU
024,GAGNOA,GAGNOA,DOUGROUPALEGNOA
024,GAGNOA,GAGNOA,DOUKOUYO
039,SEGUELA,SEGUELA,DUALLA
006,AGNIBILEKROU,AGNIBILEKROU,DUFFREBO
001,ABENGOUROU,ABENGOUROU,EBILZSSOKRO
025,GRAND-LAHOU,GRAND-LAHOU,EBONOU
019,DAOUKRO,DAOUKRO,ETTROKRO
051,ADIAKE,ADIAKE,ETUEBOUE
080,KANI,KANI,FADIADOUGOU
031,MAN,MAN,FAGNAMPLEU
064,PRIKRO,PRIKRO,FAMIENKRO
067,MADINANI,MADINANI,FENGOLO
016,DABAKALA,DABAKALA,FOUMBOLO
046,TOUBA,TOUBA,FOUNGBESSO
028,KATIOLA,KATIOLA,FRONAN
037,SAN-PEDRO,SAN-PEDRO,GABIADJI
017,DALOA,DALOA,GADOUAN
030,LAKOTA,LAKOTA,GAGORE
024,GAGNOA,GAGNOA,GALEBRE
015,BOUNDIALI,BOUNDIALI,GANAONI
077,FRESCO,FRESCO,GBAGBAM
009,BIANKOUMA,BIANKOUMA,GBANGBEGOUINE
031,MAN,MAN,GBANGBEGOUINE-YATI
022,DUEKOUE,DUEKOUE,GBAPLEU
012,BOUAFLE,BOUAFLE,GBEGBESSOU
100,GBELEBAN,GBELEBAN,GBELEBAN
087,OUANINOU,OUANINOU,GBELO
017,DALOA,DALOA,GBOGUHE
045,TIASSALE,TIASSALE,GBOLOUVILLE
083,KOUTO,KOUTO,GBON
105,SEGUELON,SEGUELON,GBONGAHA
018,DANANE,DANANE,GBON-HOUYE
009,BIANKOUMA,BIANKOUMA,GBONNE
024,GAGNOA,GAGNOA,GNAGBODOUGNOUA
041,SOUBRE,SOUBRE,GNAMANGUI
091,TEHINI,TEHINI,GOGO
050,ZUENOULA,ZUENOULA,GOHITAFLA
007,BANGOLO,BANGOLO,GOHOUO-ZAGNA
065,SIKENSI,SIKENSI,GOMON
017,DALOA,DALOA,GONATE
030,LAKOTA,LAKOTA,GOUDOUKO
087,OUANINOU,OUANINOU,GOUEKAN
009,BIANKOUMA,BIANKOUMA,GOUINE
066,ZOUAN-HOUNIEN,ZOUAN-HOUNIEN,GOULALEU
081,KANIASSO,KANIASSO,GOULIA
010,BONDOUKOU,BONDOUKOU,GOUMERE
042,TABOU,TABOU,GRABO
025,GRAND-LAHOU,GRAND-LAHOU,GRAND LAHOU
055,GRAND-BASSAM,GRAND-BASSAM,GRAND-BASSAM
005,AGBOVILLE,AGBOVILLE,GRAND-MORIE
041,SOUBRE,SOUBRE,GRAND-ZATTRY
095,ZOUKOUGBEU,ZOUKOUGBEU,GREBEU
038,SASSANDRA,SASSANDRA,GRIHIRI
022,DUEKOUE,DUEKOUE,GUEHIEBLY
035,OUME,OUME,GUEPAHOUO
095,ZOUKOUGBEU,ZOUKOUGBEU,GUESSABO
005,AGBOVILLE,AGBOVILLE,GUESSIGUIE
022,DUEKOUE,DUEKOUE,GUEZON
024,GAGNOA,GAGNOA,GUIBEROUA
075,DIKODOUGOU,DIKODOUGOU,GUIEMBE
007,BANGOLO,BANGOLO,GUINGLO-TAHOUAKE
046,TOUBA,TOUBA,GUINTEGUELA
027,ISSIA,ISSIA,IBOGUHE
026,GUIGLO,GUIGLO,KAADE
090,SINEMATIALI,SINEMATIALI,KAGBOLODOUGOU
007,BANGOLO,BANGOLO,KAHIN-ZARABAHON
063,NASSIAN,NASSIAN,KAKPIN
076,DOROPO,DOROPO,KALAMON
039,SEGUELA,SEGUELA,KAMALO
044,TENGRELA,TENGRELA,KANAKONO
081,KANIASSO,KANIASSO,KANIASSO
029,KORHOGO,KORHOGO,KANOROBA
086,OUANGOLODOUGOU,OUANGOLODOUGOU,KAOUARA
029,KORHOGO,KORHOGO,KARAKORO
015,BOUNDIALI,BOUNDIALI,KASSERE
103,M'BENGUE,M'BENGUE,KATIALI
103,M'BENGUE,M'BENGUE,KATOGO
048,VAVOUA,VAVOUA,KETRO-BASAM
029,KORHOGO,KORHOGO,KIEMOU
068,MINIGNAN,MINIGNAN,KIMBIRILA-NORD
088,SAMATIGUILA,SAMATIGUILA,KIMBIRILA-SUD
064,PRIKRO,PRIKRO,KOFFI-AMONKRO
070,KOUN-FAO,KOUN-FAO,KOKOMIAN
047,TOUMODI,TOUMODI,KOKUMBO
083,KOUTO,KOUTO,KOLIA
029,KORHOGO,KORHOGO,KOMBORODOUGOU
033,M'BAHIAKRO,M'BAHIAKRO,KONDOSSOU
008,BEOUMI,BEOUMI,KONDROBO
069,KOUNAHIRI,KOUNAHIRI,KONGASSO
029,KORHOGO,KORHOGO,KONI
040,SINFRA,SINFRA,KONONFLA
087,OUANINOU,OUANINOU,KOONAN
049,YAMOUSSOUKRO,YAMOUSSOUKRO,KOSSOU
071,ARRAH,ARRAH,KOTOBI
063,NASSIAN,NASSIAN,KOTOUBA
063,NASSIAN,NASSIAN,KOTOUBA
099,FACOBLY,FACOBLY,KOUA
053,BOCANDA,BOCANDA,KOUADIOBLEKRO
003,ABOISSO,ABOISSO,KOUAKRO
018,DANANE,DANANE,KOUAN-HOULE
070,KOUN-FAO,KOUN-FAO,KOUASSDATEKRO
070,KOUN-FAO,KOUN-FAO,KOUASSI DATEKRO
093,TRANSUA,TRANSUA,KOUASSIA-NIAGUINI
102,KOUASSI-KOUASSIKRO,KOUASSI-KOUASSIKRO,KOUASSI-KOUASSIKRO
040,SINFRA,SINFRA,KOUETINFLA
023,FERKESSEDOUGOU,FERKESSEDOUGOU,KOUMBALA
029,KORHOGO,KORHOGO,KOUMBOLOKOURA
029,KORHOGO,KORHOGO,KOUMBORODOUGOU
069,KOUNAHIRI,KOUNAHIRI,KOUNAHIRI
009,BIANKOUMA,BIANKOUMA,KPATA
047,TOUMODI,TOUMODI,KPOUEBO
071,ARRAH,ARRAH,KREGBE
074,BOTRO,BOTRO,KROFOINSOU
074,BOTRO,BOTRO,LANGUIBONOU
010,BONDOUKOU,BONDOUKOU,LAOUDI BA
029,KORHOGO,KORHOGO,LATAHA
079,GUITRY,GUITRY,LAUZOUA
041,SOUBRE,SOUBRE,LILIYO
038,SASSANDRA,SASSANDRA,LOBAKUYA
031,MAN,MAN,LOGOUALE
057,TIEBISSOU,TIEBISSOU,LOLOBO
057,TIEBISSOU,TIEBISSOU,LOMOKANKRO
054,DABOU,DABOU,LOPOU
005,AGBOVILLE,AGBOVILLE,LOVIGUIE
067,MADINANI,MADINANI,MADINANI
081,KANIASSO,KANIASSO,MAHANDIANA-SOKOURANI
082,KORO,KORO,MAHANDOUGOU
018,DANANE,DANANE,MAHAPLEU
013,BOUAKE,BOUAKE,MAMINI
008,BEOUMI,BEOUMI,MARABADJASSA
032,MANKONO,MANKONO,MARHANDALLAH
039,SEGUELA,SEGUELA,MASSALA
103,M'BENGUE,M'BENGUE,M'BENGUE
038,SASSANDRA,SASSANDRA,MEDON
102,KOUASSI-KOUASSIKRO,KOUASSI-KOUASSIKRO,MEKRO
058,TOULEPLEU,TOULEPLEU,MEO
057,TIEBISSOU,TIEBISSOU,MOLONOU
061,DIDIEVI,DIDIEVI,MOLONOU BLE
045,TIASSALE,TIASSALE,MOROKRO
080,KANI,KANI,MORONDO
023,FERKESSEDOUGOU,FERKESSEDOUGOU,NAFANA
029,KORHOGO,KORHOGO,NAFOUN
027,ISSIA,ISSIA,NAHIO
027,ISSIA,ISSIA,NAMANE
029,KORHOGO,KORHOGO,NAPIELEDOUGOU
045,TIASSALE,TIASSALE,N'DOUCI
012,BOUAFLE,BOUAFLE,N'DOUFFOUKAKRO
021,DIVO,DIVO,NEBO
058,TOULEPLEU,TOULEPLEU,NEZOBLY
029,KORHOGO,KORHOGO,N'GANON
019,DAOUKRO,DAOUKRO,N'GATTAKRO
067,MADINANI,MADINANI,N'GOLOBLASSO
008,BEOUMI,BEOUMI,N'GUESSANKRO
001,ABENGOUROU,ABENGOUROU,NIABLE
030,LAKOTA,LAKOTA,NIAMBEZARIA
076,DOROPO,DOROPO,NIAMOUE
062,KOUIBLY,KOUIBLY,NIDROU
085,NIAKARAMADOUGOU,NIAKARAMADOUGOU,NIEDEKAHA
086,OUANGOLODOUGOU,OUANGOLODOUGOU,NIELLE
016,DABAKALA,DABAKALA,NIEMENE
029,KORHOGO,KORHOGO,NIOFOIN
082,KORO,KORO,NIOKOSSO
026,GUIGLO,GUIGLO,NIZAHON
020,DIMBOKRO,DIMBOKRO,NOFOU
092,TIAPOUM,TIAPOUM,NOUAMOU
053,BOCANDA,BOCANDA,N'ZECREZESSOU
052,ALEPE,ALEPE,OGHLWAPO
021,DIVO,DIVO,OGOUDOU
041,SOUBRE,SOUBRE,OKROUYO
042,TABOU,TABOU,OLODIO
014,BOUNA,BOUNA,ONDEFIDOUO
005,AGBOVILLE,AGBOVILLE,ORESS-KROBOU
087,OUANINOU,OUANINOU,OUANINOU
024,GAGNOA,GAGNOA,OUARAGAHIO
019,DAOUKRO,DAOUKRO,OUELLE
104,MEAGUI,MEAGUI,OUPOYO
062,KOUIBLY,KOUIBLY,OUYABLY-GNONDROU
107,TAABO,TAABO,PACCOBO
012,BOUAFLE,BOUAFLE,PAKOUABO
044,TENGRELA,TENGRELA,PAPARA
058,TOULEPLEU,TOULEPLEU,PEHE
010,BONDOUKOU,BONDOUKOU,PINDA-BOROKO
031,MAN,MAN,PODIAGOUINE
064,PRIKRO,PRIKRO,PRIKRO
061,DIDIEVI,DIDIEVI,RAVIART
005,AGBOVILLE,AGBOVILLE,RUBINO
087,OUANINOU,OUANINOU,SABOUDOUGOU
038,SASSANDRA,SASSANDRA,SAGO
034,ODIENNE,ODIENNE,SAMANGO
019,DAOUKRO,DAOUKRO,SAMANZA
088,SAMATIGUILA,SAMATIGUILA,SAMATIGUILA
031,MAN,MAN,SANDOUGOU-SOBA
031,MAN,MAN,SANGOUINE
009,BIANKOUMA,BIANKOUMA,SANTA
010,BONDOUKOU,BONDOUKOU,SAPLI-SEPINGO
032,MANKONO,MANKONO,SARHALA
016,DABAKALA,DABAKALA,SATAMA SOKOURA
016,DABAKALA,DABAKALA,SATAMA-SOKORO
090,SINEMATIALI,SINEMATIALI,SEDIOGO
105,SEGUELON,SEGUELON,SEGUELON
018,DANANE,DANANE,SEILEU
048,VAVOUA,VAVOUA,SEITIFLA
099,FACOBLY,FACOBLY,SEMIEN
024,GAGNOA,GAGNOA,SERIHIO
100,GBELEBAN,GBELEBAN,SEYDOUGOU
083,KOUTO,KOUTO,SIANHALA
015,BOUNDIALI,BOUNDIALI,SIEMPURGO
039,SEGUELA,SEGUELA,SIFIE
101,KONG,KONG,SIKILO
029,KORHOGO,KORHOGO,SIRASSO
029,KORHOGO,KORHOGO,SOHOUO
016,DABAKALA,DABAKALA,SOKALA-SOBARA
068,MINIGNAN,MINIGNAN,SOKORO
063,NASSIAN,NASSIAN,SOMINASE
010,BONDOUKOU,BONDOUKOU,SOROBANGO
010,BONDOUKOU,BONDOUKOU,TABAGNE
085,NIAKARAMADOUGOU,NIAKARAMADOUGOU,TAFIRE
010,BONDOUKOU,BONDOUKOU,TAGADI
006,AGNIBILEKROU,AGNIBILEKROU,TANGUELAN
070,KOUN-FAO,KOUN-FAO,TANKESSE
010,BONDOUKOU,BONDOUKOU,TAOUDI
027,ISSIA,ISSIA,TAPEGUIA
043,TANDA,TANDA,TCHEDIO
066,ZOUAN-HOUNIEN,ZOUAN-HOUNIEN,TEAPLEU
016,DABAKALA,DABAKALA,TENDER-BAMBARASSO
044,TENGRELA,TENGRELA,TENGRELA COMMUNE
012,BOUAFLE,BOUAFLE,TIBEITA
061,DIDIEVI,DIDIEVI,TIE N'DIEKRO
034,ODIENNE,ODIENNE,TIEME
084,M'BATTO,M'BATTO,TIEMELEKRO
032,MANKONO,MANKONO,TIENINGBOUE
068,MINIGNAN,MINIGNAN,TIENKO
070,KOUN-FAO,KOUN-FAO,TIENKOIKRO
099,FACOBLY,FACOBLY,TIENY-SEABLY
028,KATIOLA,KATIOLA,TIMBE
059,BLOLEQUIN,BLOLEQUIN,TINHOU
058,TOULEPLEU,TOULEPLEU,TIOBLY
029,KORHOGO,KORHOGO,TIORONIARADOUGOU
023,FERKESSEDOUGOU,FERKESSEDOUGOU,TOGONIERE
035,OUME,OUME,TONLA
085,NIAKARAMADOUGOU,NIAKARAMADOUGOU,TORTIYA
062,KOUIBLY,KOUIBLY,TOTRODROU
091,TEHINI,TEHINI,TOUGBO
025,GRAND-LAHOU,GRAND-LAHOU,TOUKOUZOU
036,SAKASSOU,SAKASSOU,TOUMODI-SAKASSOU
086,OUANGOLODOUGOU,OUANGOLODOUGOU,TOUMOUKORO
054,DABOU,DABOU,TOUPAH
050,ZUENOULA,ZUENOULA,VOUEBOUFLA
039,SEGUELA,SEGUELA,WOROFLA
094,YAKASSE-ATTOBROU,YAKASSE-ATTOBROU,YAKASSE ATTOBROU
001,ABENGOUROU,ABENGOUROU,YAKASSE-FEYASSE
004,ADZOPE,ADZOPE,YAKASSE-ME
016,DABAKALA,DABAKALA,YAOSSEDOUGOU
003,ABOISSO,ABOISSO,YAOU
057,TIEBISSOU,TIEBISSOU,YAPKABO-SAKASSOU
031,MAN,MAN,YAPLEU
066,ZOUAN-HOUNIEN,ZOUAN-HOUNIEN,YELLEU
010,BONDOUKOU,BONDOUKOU,YEZIMALA
079,GUITRY,GUITRY,YOCOBOUE
024,GAGNOA,GAGNOA,YOPOHUE
089,SANDEGUE,SANDEGUE,YOROBODI
106,SIPILOU,SIPILOU,YORODOUGOU
014,BOUNA,BOUNA,YOUNDOUO
108,TAI,TAI,ZAGNE
031,MAN,MAN,ZAGOUE
012,BOUAFLE,BOUAFLE,ZAGUIETA
017,DALOA,DALOA,ZAIBO
001,ABENGOUROU,ABENGOUROU,ZARANOU
059,BLOLEQUIN,BLOLEQUIN,ZEAGLO
021,DIVO,DIVO,ZEGO
007,BANGOLO,BANGOLO,ZEO
030,LAKOTA,LAKOTA,ZIKISSO
031,MAN,MAN,ZIOGOUINE
018,DANANE,DANANE,ZONNEU
007,BANGOLO,BANGOLO,ZOU
066,ZOUAN-HOUNIEN,ZOUAN-HOUNIEN,ZOUAN HOUNIEN
050,ZUENOULA,ZUENOULA,ZUENOULA